marca,nombreProducto,precio,quantity,descuento
Abib,Heartleaf Essence Calming Pump,444.00,32,22.20
Aestura,Atobarrier 365 Cream,555.00,30,27.75
Aestura,Ato Barrier 365 Lotion,518.00,25,25.90
Anua,Heartleaf Pore Control Cleansing Oil,360.75,85,18.04
Anua,Heartleaf 77% Soothing Toner,388.50,80,19.43
Anessa,Perfect UV Sunscreen Skincare Milk,555.00,40,27.75
A'pieu,Honey & Milk Lip Oil,148.00,90,7.40
Aromatica,Revitalizing Rosemary Root Enhancer,314.50,38,15.73
Aromatica,Rosemary Root Enhancer,323.75,42,16.19
Axis-Y,Dark Spot Correcting Glow Serum,351.50,65,17.58
Banila Co,Clean It Zero Original Cleansing Balm,351.50,70,17.58
Beauty of Joseon,Relief Sun Rice + Probiotics,333.00,120,16.65
Beauty of Joseon,Glow Serum Propolis + Niacinamide,314.50,60,15.73
Beauty of Joseon,Revive Eye Serum Ginseng + Retinal,351.50,45,17.58
Benton,Snail Bee High Content Steam Cream,342.25,28,17.11
Biodance,Bio-Collagen Real Deep Mask,92.50,200,4.63
Blithe,Patting Splash Mask Green Tea,518.00,18,25.90
COSRX,Advanced Snail 96 Mucin Power Essence,388.50,50,19.43
COSRX,Low pH Good Morning Gel Cleanser,222.00,150,11.10
COSRX,Advanced Snail Peptide Eye Cream,462.50,30,23.13
Cos De BAHA,Azelaic Acid 10% Serum,259.00,40,12.95
d'Alba,First Spray Serum,518.00,45,25.90
Dear Klairs,Supple Preparation Unscented Toner,407.00,40,20.35
Donginbi,Daily Defense Essence,1202.50,10,60.13
Dr. Ceuracle,Vegan Kombucha Tea Essence,610.50,22,30.53
Dr. Jart+,Cicapair Tiger Grass Color Correcting Treatment,962.00,20,48.10
Elizavecca,Milky Piggy Carbonated Bubble Clay Mask,231.25,35,11.56
Espoir,Water Splash Sun Cream,360.75,50,18.04
Etude House,SoonJung 2x Barrier Intensive Cream,296.00,45,14.80
Etude House,SoonJung pH 5.5 Relief Toner,333.00,48,16.65
Frudia,Blueberry Hydrating Honey Lip Balm,166.50,65,8.33
Glow Recipe,Watermelon Glow PHA+BHA Pore-Tight Toner,629.00,40,31.45
Goodal,Green Tangerine Vita C Dark Spot Serum,444.00,42,22.20
Hada Labo,Gokujyun Hyaluronic Acid Lotion,277.50,60,13.88
Hanyul,Rice Essential Skin Softener,647.50,20,32.38
Haruharu Wonder,Black Rice Hyaluronic Toner,277.50,80,13.88
Heimish,All Clean Balm,323.75,65,16.19
Hera,UV Mist Cushion,832.50,20,41.63
Holika Holika,Pig Nose Clear Blackhead 3-Step,64.75,150,3.24
House of HUR,Weightless Sun Fluid,388.50,40,19.43
I'm From,Rice Toner,518.00,40,25.90
I'm From,Mugwort Essence,592.00,25,29.60
Illiyoon,Ceramide Ato Concentrate Cream,370.00,60,18.50
Illiyoon,Ceramide Ato Lip Balm,166.50,100,8.33
Innisfree,Green Tea Seed Hyaluronic Serum,481.00,48,24.05
Innisfree,Daily UV Defense Sunscreen,333.00,55,16.65
IOPE,Bio Essence Intensive Conditioning,925.00,12,46.25
Isntree,Green Tea Fresh Toner,268.25,50,13.41
Isntree,Hyaluronic Acid Watery Sun Gel,351.50,60,17.58
iUNIK,Centella Calming Gel Cream,286.75,45,14.34
iUNIK,Tea Tree Relief Serum,296.00,40,14.80
iUNIK,Propolis Vitamin Synergy Serum,314.50,35,15.73
iUNIK,Beta-Glucan Daily Moisture Cream,296.00,30,14.80
Jayjun,Roselle Tea Eye Gel Patch,296.00,35,14.80
Jumiso,All Day Vitamin Brightening Serum,305.25,48,15.26
Kaine,Rosemary Relief Gel Cleanser,333.00,35,16.65
Laneige,Lip Sleeping Mask Berry,444.00,100,22.20
Laneige,Water Bank Blue Hyaluronic Cream,703.00,35,35.15
Ma:nyo,Pure Cleansing Oil,434.75,50,21.74
Mamonde,Rose Water Toner,305.25,70,15.26
Mary & May,Idebenone + Blackberry Complex Serum,370.00,33,18.50
Mediheal,Teatree Essential Mask,46.25,200,2.31
Melano CC,Vitamin C Essence,259.00,55,12.95
Missha,Time Revolution The First Essence,832.50,25,41.63
Mixsoon,Bean Essence,647.50,30,32.38
Nature Republic,Aloe Vera 92% Soothing Gel,138.75,150,6.94
Neogen,Bio-Peel Gauze Peeling Wine,370.00,30,18.50
Numbuzin,No.3 Skin Softening Serum,481.00,38,24.05
One Thing,Artemisia Capillaris Extract,249.75,50,12.49
Papa Recipe,Bombee Honey Mask,55.50,250,2.78
Peripera,Ink Airy Velvet,185.00,120,9.25
Petitfee,Black Pearl & Gold Eye Patch,203.50,55,10.18
Primera,Miracle Seed Essence,777.00,15,38.85
Purito Seoul,Wonder Releaf Centella Serum,333.00,44,16.65
Pyunkang Yul,Essence Toner,259.00,110,12.95
Rom&nd,Glastin Melting Balm,222.00,100,11.10
Round Lab,Birch Juice Moisturizing Sunscreen,407.00,90,20.35
Scinic,Enjoy Super Mild Sun Essence,268.25,60,13.41
Secret Key,Starting Treatment Essence,388.50,22,19.43
Skin1004,Madagascar Centella Ampoule,305.25,75,15.26
Skin1004,Hyalu-Cica Water-Fit Sun Serum,351.50,95,17.58
Skinfood,Egg White Pore Mask,240.50,40,12.03
Skinfood,Black Sugar Mask Wash Off,222.00,55,11.10
Some By Mi,AHA-BHA-PHA 30 Days Miracle Toner,323.75,85,16.19
Su:m37,Miracle Rose Cleansing Stick,518.00,10,25.90
Sulwhasoo,First Care Activating Serum,1646.50,15,82.33
The Face Shop,Rice Water Bright Cleansing Foam,203.50,80,10.18
The Face Shop,Pore Remodeling Mask,259.00,35,12.95
Tocobo,Cotton Soft Sun Stick,286.75,70,14.34
TonyMoly,I'm Real Sheet Mask Rice,46.25,300,2.31
Torriden,Dive-In Low Molecular Hyaluronic Acid Serum,397.75,55,19.89
Urang,Brightening Blue Oil Serum,1017.50,12,50.88
Whamisa,Organic Flowers Deep Rich Toner,703.00,14,35.15
Wishtrend,Mandelic Acid 5% Skin Prep Water,425.50,32,21.28
